{
  "name": "cvae",
  "best_val_loss": 0.014255898313062025,
  "mae": 0.07013333798119364,
  "rmse": 0.0949899791822082,
  "gradient_mae": 0.021799540779988587,
  "slope_diff": 0.02674447901295449,
  "roughness_real": 0.036235397372979726,
  "roughness_recon": 0.008033714145560426,
  "roughness_diff": 0.028539493264669084,
  "mae_m_approx": 11.096778671155962,
  "rmse_m_approx": 14.775182467047442,
  "flat_n": 22509,
  "flat_mae": 0.07452178211239982,
  "flat_rmse": 0.1012634569209297,
  "flat_gradient_mae": 0.02998355738661315,
  "flat_slope_diff": 0.03922669337776604,
  "flat_roughness_real": 0.06061449863453,
  "flat_roughness_recon": 0.00811005107517012,
  "flat_roughness_diff": 0.05256746813594574,
  "flat_mae_m_approx": 1.8009295249432296,
  "flat_rmse_m_approx": 2.4289289810030055,
  "hilly_n": 22509,
  "hilly_mae": 0.06900183780223834,
  "hilly_rmse": 0.09419038534605327,
  "hilly_gradient_mae": 0.018198121054863625,
  "hilly_slope_diff": 0.021350243667204654,
  "hilly_roughness_real": 0.024943493611569546,
  "hilly_roughness_recon": 0.007955752287349734,
  "hilly_roughness_diff": 0.017378357413853452,
  "hilly_mae_m_approx": 7.994174704450171,
  "hilly_rmse_m_approx": 10.948202780559987,
  "mountain_n": 13104,
  "mountain_mae": 0.06453882168548611,
  "mountain_rmse": 0.08558738177161214,
  "mountain_gradient_mae": 0.013927923435643367,
  "mountain_slope_diff": 0.014569317321689635,
  "mountain_roughness_real": 0.013755260677918648,
  "mountain_roughness_recon": 0.008036505127105617,
  "mountain_roughness_diff": 0.006437869656960234,
  "mountain_mae_m_approx": 32.393846848508815,
  "mountain_rmse_m_approx": 42.55626485308448
}