Model,Mode,RMSE,GradMAE,Rough_ratio,HF_ratio,W1_slope,W1_rough,W1_hf,W1_range,Diversity
VAE,recon,0.09107450395822525,0.020120300352573395,0.15634189603798201,0.38623474560793736,,,,,
VAE,gen,,,0.16363687979516534,0.3031449183712863,0.021173417903943725,0.027036488407922867,0.06067388814378569,0.7579584607813094,10.937743014139656
β-VAE,recon,0.09401450306177139,0.021305371075868607,0.7127133660002447,0.376594951561847,,,,,
β-VAE,gen,,,0.8980719627637762,0.2932012355087651,0.012589283367665807,0.016691648709080863,0.06153966629142828,0.20806491825315687,18.083642213534702
CVAE,recon,0.09372913837432861,0.020406659692525864,0.24943001868321613,0.38066906951936946,,,,,
CVAE,gen,,,0.3550087984626849,0.30596944583360053,0.01580519819160852,0.02185320379772343,0.060427961741254775,0.4354156751102871,14.130496485829713
