{
  "mae": 0.06998268900565013,
  "rmse": 0.0946696428356892,
  "gradient_mae": 0.021558654651055036,
  "slope_diff": 0.02635541093585954,
  "roughness_real": 0.035718200826452745,
  "roughness_recon": 0.008061271717440468,
  "roughness_diff": 0.028010504730207463,
  "mae_m_approx": 11.18464467189952,
  "rmse_m_approx": 14.843646099755134,
  "mountain_n": 13086.0,
  "mountain_mae": 0.06491944915711101,
  "mountain_rmse": 0.08563096392669163,
  "mountain_gradient_mae": 0.014145241343631489,
  "mountain_slope_diff": 0.014826525749729631,
  "mountain_roughness_real": 0.014120954551885834,
  "mountain_roughness_recon": 0.008033383641509849,
  "mountain_roughness_diff": 0.006735435212617087,
  "mountain_mae_m_approx": 32.75842795247389,
  "mountain_rmse_m_approx": 42.82105791060436,
  "flat_n": 22491.0,
  "flat_mae": 0.07384691340979241,
  "flat_rmse": 0.10049305488767267,
  "flat_gradient_mae": 0.029377088169049263,
  "flat_slope_diff": 0.038255974218029815,
  "flat_roughness_real": 0.05950023217479304,
  "flat_roughness_recon": 0.008130263138123426,
  "flat_roughness_diff": 0.05143522283904778,
  "flat_mae_m_approx": 1.7825061059454415,
  "flat_rmse_m_approx": 2.4085417938474216,
  "hilly_n": 22491.0,
  "hilly_mae": 0.06906442285007408,
  "hilly_rmse": 0.09410522931388446,
  "hilly_gradient_mae": 0.018053587467572532,
  "hilly_slope_diff": 0.021162730474423776,
  "hilly_roughness_real": 0.024502154253272977,
  "hilly_roughness_recon": 0.008008506505240669,
  "hilly_roughness_diff": 0.01696431852930992,
  "hilly_mae_m_approx": 8.034449959955678,
  "hilly_rmse_m_approx": 11.000576485629653
}