{
  "er_values": [
    200,
    500,
    1000,
    1800,
    2800
  ],
  "K": 16,
  "device": "mps",
  "v1": {
    "best_epoch": 11,
    "scale_embed_dim": 8,
    "responsiveness": {
      "flat": {
        "er_rms": 0.011074625013861805,
        "z_rms": 0.31952738761901855,
        "ratio": 0.0346593919905451,
        "rough_by_er": [
          0.01888,
          0.01941,
          0.01981,
          0.02014,
          0.02039
        ],
        "rough_corr": 0.9376
      },
      "hilly": {
        "er_rms": 0.010996209748554975,
        "z_rms": 0.33517560362815857,
        "ratio": 0.03280730935282146,
        "rough_by_er": [
          0.01982,
          0.0203,
          0.02066,
          0.02095,
          0.02117
        ],
        "rough_corr": 0.933
      },
      "mountain": {
        "er_rms": 0.010870449710637331,
        "z_rms": 0.33767059445381165,
        "ratio": 0.03219246762078295,
        "rough_by_er": [
          0.02003,
          0.0205,
          0.02085,
          0.02113,
          0.02134
        ],
        "rough_corr": 0.9323
      }
    },
    "consistency": {
      "flat": {
        "er_med": 35.68922805786133,
        "slope_med": 0.4320163428783417
      },
      "hilly": {
        "er_med": 187.3290252685547,
        "slope_med": 2.2292861938476562
      },
      "mountain": {
        "er_med": 836.035888671875,
        "slope_med": 10.30624008178711
      }
    },
    "scale_stats": {
      "log1p_mean": 5.054009914398193,
      "log1p_std": 1.3171455960137939
    }
  },
  "v2": {
    "best_epoch": 3,
    "scale_embed_dim": 32,
    "responsiveness": {
      "flat": {
        "er_rms": 0.009992080740630627,
        "z_rms": 0.26663798093795776,
        "ratio": 0.037474333806485294,
        "rough_by_er": [
          0.02055,
          0.02027,
          0.02005,
          0.01985,
          0.01971
        ],
        "rough_corr": -0.9428
      },
      "hilly": {
        "er_rms": 0.010826786165125668,
        "z_rms": 0.298458069562912,
        "ratio": 0.03627573596755357,
        "rough_by_er": [
          0.02289,
          0.02251,
          0.02221,
          0.02194,
          0.02174
        ],
        "rough_corr": -0.9444
      },
      "mountain": {
        "er_rms": 0.010134020703844726,
        "z_rms": 0.2978495955467224,
        "ratio": 0.03402395310028578,
        "rough_by_er": [
          0.02285,
          0.02247,
          0.02217,
          0.0219,
          0.0217
        ],
        "rough_corr": -0.9446
      }
    },
    "consistency": {
      "flat": {
        "er_med": 37.31010437011719,
        "slope_med": 0.5195806622505188
      },
      "hilly": {
        "er_med": 192.0696258544922,
        "slope_med": 2.7804033756256104
      },
      "mountain": {
        "er_med": 811.92333984375,
        "slope_med": 11.66879653930664
      }
    },
    "scale_stats": {
      "log1p_mean": 5.054009914398193,
      "log1p_std": 1.3171455960137939
    }
  },
  "mean_ratio": {
    "v1": 0.03321972298804984,
    "v2": 0.03592467429144155
  },
  "responsiveness_gain_v2_over_v1": 1.0814260318467657
}